dataset,policy,failure_type,count,rate
gsm,sft,missing_designated_final,196,0.6533333333333333
gsm,sft,correct_terminal_format,49,0.16333333333333333
gsm,sft,wrong_designated_final,22,0.07333333333333333
gsm,sft,correct_nonterminal_format,33,0.11
gsm,rlvr,missing_designated_final,188,0.6266666666666667
gsm,rlvr,correct_terminal_format,53,0.17666666666666667
gsm,rlvr,wrong_designated_final,22,0.07333333333333333
gsm,rlvr,correct_nonterminal_format,37,0.12333333333333334
gsm,rlaif,missing_designated_final,195,0.65
gsm,rlaif,correct_terminal_format,50,0.16666666666666666
gsm,rlaif,wrong_designated_final,21,0.07
gsm,rlaif,correct_nonterminal_format,34,0.11333333333333333
transfer,sft,missing_designated_final,43,0.43
transfer,sft,correct_terminal_format,30,0.3
transfer,sft,wrong_designated_final,13,0.13
transfer,sft,correct_nonterminal_format,14,0.14
transfer,rlvr,missing_designated_final,42,0.42
transfer,rlvr,correct_terminal_format,31,0.31
transfer,rlvr,wrong_designated_final,13,0.13
transfer,rlvr,correct_nonterminal_format,14,0.14
transfer,rlaif,missing_designated_final,44,0.44
transfer,rlaif,correct_terminal_format,28,0.28
transfer,rlaif,wrong_designated_final,14,0.14
transfer,rlaif,correct_nonterminal_format,14,0.14
