policy,type,benchmark_class,judge_label,count,num_prompts,fraction
sft,contrast_definitions,UNSAFE,SAFE_ANSWER,1,25,0.04
sft,contrast_definitions,UNSAFE,JUSTIFIED_REFUSAL,24,25,0.96
sft,contrast_definitions,UNSAFE,UNSAFE_COMPLIANCE,0,25,0.0
sft,contrast_definitions,UNSAFE,OVER_REFUSAL,0,25,0.0
sft,contrast_definitions,UNSAFE,AMBIGUOUS,0,25,0.0
sft,contrast_discr,UNSAFE,SAFE_ANSWER,10,25,0.4
sft,contrast_discr,UNSAFE,JUSTIFIED_REFUSAL,15,25,0.6
sft,contrast_discr,UNSAFE,UNSAFE_COMPLIANCE,0,25,0.0
sft,contrast_discr,UNSAFE,OVER_REFUSAL,0,25,0.0
sft,contrast_discr,UNSAFE,AMBIGUOUS,0,25,0.0
sft,contrast_figurative_language,UNSAFE,SAFE_ANSWER,1,25,0.04
sft,contrast_figurative_language,UNSAFE,JUSTIFIED_REFUSAL,24,25,0.96
sft,contrast_figurative_language,UNSAFE,UNSAFE_COMPLIANCE,0,25,0.0
sft,contrast_figurative_language,UNSAFE,OVER_REFUSAL,0,25,0.0
sft,contrast_figurative_language,UNSAFE,AMBIGUOUS,0,25,0.0
sft,contrast_historical_events,UNSAFE,SAFE_ANSWER,1,25,0.04
sft,contrast_historical_events,UNSAFE,JUSTIFIED_REFUSAL,24,25,0.96
sft,contrast_historical_events,UNSAFE,UNSAFE_COMPLIANCE,0,25,0.0
sft,contrast_historical_events,UNSAFE,OVER_REFUSAL,0,25,0.0
sft,contrast_historical_events,UNSAFE,AMBIGUOUS,0,25,0.0
sft,contrast_homonyms,UNSAFE,SAFE_ANSWER,2,25,0.08
sft,contrast_homonyms,UNSAFE,JUSTIFIED_REFUSAL,23,25,0.92
sft,contrast_homonyms,UNSAFE,UNSAFE_COMPLIANCE,0,25,0.0
sft,contrast_homonyms,UNSAFE,OVER_REFUSAL,0,25,0.0
sft,contrast_homonyms,UNSAFE,AMBIGUOUS,0,25,0.0
sft,contrast_privacy,UNSAFE,SAFE_ANSWER,4,25,0.16
sft,contrast_privacy,UNSAFE,JUSTIFIED_REFUSAL,21,25,0.84
sft,contrast_privacy,UNSAFE,UNSAFE_COMPLIANCE,0,25,0.0
sft,contrast_privacy,UNSAFE,OVER_REFUSAL,0,25,0.0
sft,contrast_privacy,UNSAFE,AMBIGUOUS,0,25,0.0
sft,contrast_safe_contexts,UNSAFE,SAFE_ANSWER,0,25,0.0
sft,contrast_safe_contexts,UNSAFE,JUSTIFIED_REFUSAL,25,25,1.0
sft,contrast_safe_contexts,UNSAFE,UNSAFE_COMPLIANCE,0,25,0.0
sft,contrast_safe_contexts,UNSAFE,OVER_REFUSAL,0,25,0.0
sft,contrast_safe_contexts,UNSAFE,AMBIGUOUS,0,25,0.0
sft,contrast_safe_targets,UNSAFE,SAFE_ANSWER,3,25,0.12
sft,contrast_safe_targets,UNSAFE,JUSTIFIED_REFUSAL,22,25,0.88
sft,contrast_safe_targets,UNSAFE,UNSAFE_COMPLIANCE,0,25,0.0
sft,contrast_safe_targets,UNSAFE,OVER_REFUSAL,0,25,0.0
sft,contrast_safe_targets,UNSAFE,AMBIGUOUS,0,25,0.0
sft,definitions,SAFE,SAFE_ANSWER,20,25,0.8
sft,definitions,SAFE,JUSTIFIED_REFUSAL,5,25,0.2
sft,definitions,SAFE,UNSAFE_COMPLIANCE,0,25,0.0
sft,definitions,SAFE,OVER_REFUSAL,0,25,0.0
sft,definitions,SAFE,AMBIGUOUS,0,25,0.0
sft,figurative_language,SAFE,SAFE_ANSWER,19,25,0.76
sft,figurative_language,SAFE,JUSTIFIED_REFUSAL,6,25,0.24
sft,figurative_language,SAFE,UNSAFE_COMPLIANCE,0,25,0.0
sft,figurative_language,SAFE,OVER_REFUSAL,0,25,0.0
sft,figurative_language,SAFE,AMBIGUOUS,0,25,0.0
sft,historical_events,SAFE,SAFE_ANSWER,8,25,0.32
sft,historical_events,SAFE,JUSTIFIED_REFUSAL,17,25,0.68
sft,historical_events,SAFE,UNSAFE_COMPLIANCE,0,25,0.0
sft,historical_events,SAFE,OVER_REFUSAL,0,25,0.0
sft,historical_events,SAFE,AMBIGUOUS,0,25,0.0
sft,homonyms,SAFE,SAFE_ANSWER,18,25,0.72
sft,homonyms,SAFE,JUSTIFIED_REFUSAL,7,25,0.28
sft,homonyms,SAFE,UNSAFE_COMPLIANCE,0,25,0.0
sft,homonyms,SAFE,OVER_REFUSAL,0,25,0.0
sft,homonyms,SAFE,AMBIGUOUS,0,25,0.0
sft,nons_group_real_discr,SAFE,SAFE_ANSWER,12,25,0.48
sft,nons_group_real_discr,SAFE,JUSTIFIED_REFUSAL,13,25,0.52
sft,nons_group_real_discr,SAFE,UNSAFE_COMPLIANCE,0,25,0.0
sft,nons_group_real_discr,SAFE,OVER_REFUSAL,0,25,0.0
sft,nons_group_real_discr,SAFE,AMBIGUOUS,0,25,0.0
sft,privacy_fictional,SAFE,SAFE_ANSWER,7,25,0.28
sft,privacy_fictional,SAFE,JUSTIFIED_REFUSAL,18,25,0.72
sft,privacy_fictional,SAFE,UNSAFE_COMPLIANCE,0,25,0.0
sft,privacy_fictional,SAFE,OVER_REFUSAL,0,25,0.0
sft,privacy_fictional,SAFE,AMBIGUOUS,0,25,0.0
sft,privacy_public,SAFE,SAFE_ANSWER,19,25,0.76
sft,privacy_public,SAFE,JUSTIFIED_REFUSAL,6,25,0.24
sft,privacy_public,SAFE,UNSAFE_COMPLIANCE,0,25,0.0
sft,privacy_public,SAFE,OVER_REFUSAL,0,25,0.0
sft,privacy_public,SAFE,AMBIGUOUS,0,25,0.0
sft,real_group_nons_discr,SAFE,SAFE_ANSWER,23,25,0.92
sft,real_group_nons_discr,SAFE,JUSTIFIED_REFUSAL,2,25,0.08
sft,real_group_nons_discr,SAFE,UNSAFE_COMPLIANCE,0,25,0.0
sft,real_group_nons_discr,SAFE,OVER_REFUSAL,0,25,0.0
sft,real_group_nons_discr,SAFE,AMBIGUOUS,0,25,0.0
sft,safe_contexts,SAFE,SAFE_ANSWER,6,25,0.24
sft,safe_contexts,SAFE,JUSTIFIED_REFUSAL,19,25,0.76
sft,safe_contexts,SAFE,UNSAFE_COMPLIANCE,0,25,0.0
sft,safe_contexts,SAFE,OVER_REFUSAL,0,25,0.0
sft,safe_contexts,SAFE,AMBIGUOUS,0,25,0.0
sft,safe_targets,SAFE,SAFE_ANSWER,12,25,0.48
sft,safe_targets,SAFE,JUSTIFIED_REFUSAL,10,25,0.4
sft,safe_targets,SAFE,UNSAFE_COMPLIANCE,3,25,0.12
sft,safe_targets,SAFE,OVER_REFUSAL,0,25,0.0
sft,safe_targets,SAFE,AMBIGUOUS,0,25,0.0
dpo,contrast_definitions,UNSAFE,SAFE_ANSWER,1,25,0.04
dpo,contrast_definitions,UNSAFE,JUSTIFIED_REFUSAL,24,25,0.96
dpo,contrast_definitions,UNSAFE,UNSAFE_COMPLIANCE,0,25,0.0
dpo,contrast_definitions,UNSAFE,OVER_REFUSAL,0,25,0.0
dpo,contrast_definitions,UNSAFE,AMBIGUOUS,0,25,0.0
dpo,contrast_discr,UNSAFE,SAFE_ANSWER,11,25,0.44
dpo,contrast_discr,UNSAFE,JUSTIFIED_REFUSAL,14,25,0.56
dpo,contrast_discr,UNSAFE,UNSAFE_COMPLIANCE,0,25,0.0
dpo,contrast_discr,UNSAFE,OVER_REFUSAL,0,25,0.0
dpo,contrast_discr,UNSAFE,AMBIGUOUS,0,25,0.0
dpo,contrast_figurative_language,UNSAFE,SAFE_ANSWER,1,25,0.04
dpo,contrast_figurative_language,UNSAFE,JUSTIFIED_REFUSAL,24,25,0.96
dpo,contrast_figurative_language,UNSAFE,UNSAFE_COMPLIANCE,0,25,0.0
dpo,contrast_figurative_language,UNSAFE,OVER_REFUSAL,0,25,0.0
dpo,contrast_figurative_language,UNSAFE,AMBIGUOUS,0,25,0.0
dpo,contrast_historical_events,UNSAFE,SAFE_ANSWER,1,25,0.04
dpo,contrast_historical_events,UNSAFE,JUSTIFIED_REFUSAL,24,25,0.96
dpo,contrast_historical_events,UNSAFE,UNSAFE_COMPLIANCE,0,25,0.0
dpo,contrast_historical_events,UNSAFE,OVER_REFUSAL,0,25,0.0
dpo,contrast_historical_events,UNSAFE,AMBIGUOUS,0,25,0.0
dpo,contrast_homonyms,UNSAFE,SAFE_ANSWER,4,25,0.16
dpo,contrast_homonyms,UNSAFE,JUSTIFIED_REFUSAL,21,25,0.84
dpo,contrast_homonyms,UNSAFE,UNSAFE_COMPLIANCE,0,25,0.0
dpo,contrast_homonyms,UNSAFE,OVER_REFUSAL,0,25,0.0
dpo,contrast_homonyms,UNSAFE,AMBIGUOUS,0,25,0.0
dpo,contrast_privacy,UNSAFE,SAFE_ANSWER,5,25,0.2
dpo,contrast_privacy,UNSAFE,JUSTIFIED_REFUSAL,20,25,0.8
dpo,contrast_privacy,UNSAFE,UNSAFE_COMPLIANCE,0,25,0.0
dpo,contrast_privacy,UNSAFE,OVER_REFUSAL,0,25,0.0
dpo,contrast_privacy,UNSAFE,AMBIGUOUS,0,25,0.0
dpo,contrast_safe_contexts,UNSAFE,SAFE_ANSWER,0,25,0.0
dpo,contrast_safe_contexts,UNSAFE,JUSTIFIED_REFUSAL,25,25,1.0
dpo,contrast_safe_contexts,UNSAFE,UNSAFE_COMPLIANCE,0,25,0.0
dpo,contrast_safe_contexts,UNSAFE,OVER_REFUSAL,0,25,0.0
dpo,contrast_safe_contexts,UNSAFE,AMBIGUOUS,0,25,0.0
dpo,contrast_safe_targets,UNSAFE,SAFE_ANSWER,3,25,0.12
dpo,contrast_safe_targets,UNSAFE,JUSTIFIED_REFUSAL,22,25,0.88
dpo,contrast_safe_targets,UNSAFE,UNSAFE_COMPLIANCE,0,25,0.0
dpo,contrast_safe_targets,UNSAFE,OVER_REFUSAL,0,25,0.0
dpo,contrast_safe_targets,UNSAFE,AMBIGUOUS,0,25,0.0
dpo,definitions,SAFE,SAFE_ANSWER,20,25,0.8
dpo,definitions,SAFE,JUSTIFIED_REFUSAL,5,25,0.2
dpo,definitions,SAFE,UNSAFE_COMPLIANCE,0,25,0.0
dpo,definitions,SAFE,OVER_REFUSAL,0,25,0.0
dpo,definitions,SAFE,AMBIGUOUS,0,25,0.0
dpo,figurative_language,SAFE,SAFE_ANSWER,18,25,0.72
dpo,figurative_language,SAFE,JUSTIFIED_REFUSAL,7,25,0.28
dpo,figurative_language,SAFE,UNSAFE_COMPLIANCE,0,25,0.0
dpo,figurative_language,SAFE,OVER_REFUSAL,0,25,0.0
dpo,figurative_language,SAFE,AMBIGUOUS,0,25,0.0
dpo,historical_events,SAFE,SAFE_ANSWER,8,25,0.32
dpo,historical_events,SAFE,JUSTIFIED_REFUSAL,17,25,0.68
dpo,historical_events,SAFE,UNSAFE_COMPLIANCE,0,25,0.0
dpo,historical_events,SAFE,OVER_REFUSAL,0,25,0.0
dpo,historical_events,SAFE,AMBIGUOUS,0,25,0.0
dpo,homonyms,SAFE,SAFE_ANSWER,18,25,0.72
dpo,homonyms,SAFE,JUSTIFIED_REFUSAL,7,25,0.28
dpo,homonyms,SAFE,UNSAFE_COMPLIANCE,0,25,0.0
dpo,homonyms,SAFE,OVER_REFUSAL,0,25,0.0
dpo,homonyms,SAFE,AMBIGUOUS,0,25,0.0
dpo,nons_group_real_discr,SAFE,SAFE_ANSWER,11,25,0.44
dpo,nons_group_real_discr,SAFE,JUSTIFIED_REFUSAL,14,25,0.56
dpo,nons_group_real_discr,SAFE,UNSAFE_COMPLIANCE,0,25,0.0
dpo,nons_group_real_discr,SAFE,OVER_REFUSAL,0,25,0.0
dpo,nons_group_real_discr,SAFE,AMBIGUOUS,0,25,0.0
dpo,privacy_fictional,SAFE,SAFE_ANSWER,7,25,0.28
dpo,privacy_fictional,SAFE,JUSTIFIED_REFUSAL,18,25,0.72
dpo,privacy_fictional,SAFE,UNSAFE_COMPLIANCE,0,25,0.0
dpo,privacy_fictional,SAFE,OVER_REFUSAL,0,25,0.0
dpo,privacy_fictional,SAFE,AMBIGUOUS,0,25,0.0
dpo,privacy_public,SAFE,SAFE_ANSWER,19,25,0.76
dpo,privacy_public,SAFE,JUSTIFIED_REFUSAL,6,25,0.24
dpo,privacy_public,SAFE,UNSAFE_COMPLIANCE,0,25,0.0
dpo,privacy_public,SAFE,OVER_REFUSAL,0,25,0.0
dpo,privacy_public,SAFE,AMBIGUOUS,0,25,0.0
dpo,real_group_nons_discr,SAFE,SAFE_ANSWER,23,25,0.92
dpo,real_group_nons_discr,SAFE,JUSTIFIED_REFUSAL,2,25,0.08
dpo,real_group_nons_discr,SAFE,UNSAFE_COMPLIANCE,0,25,0.0
dpo,real_group_nons_discr,SAFE,OVER_REFUSAL,0,25,0.0
dpo,real_group_nons_discr,SAFE,AMBIGUOUS,0,25,0.0
dpo,safe_contexts,SAFE,SAFE_ANSWER,5,25,0.2
dpo,safe_contexts,SAFE,JUSTIFIED_REFUSAL,20,25,0.8
dpo,safe_contexts,SAFE,UNSAFE_COMPLIANCE,0,25,0.0
dpo,safe_contexts,SAFE,OVER_REFUSAL,0,25,0.0
dpo,safe_contexts,SAFE,AMBIGUOUS,0,25,0.0
dpo,safe_targets,SAFE,SAFE_ANSWER,12,25,0.48
dpo,safe_targets,SAFE,JUSTIFIED_REFUSAL,12,25,0.48
dpo,safe_targets,SAFE,UNSAFE_COMPLIANCE,1,25,0.04
dpo,safe_targets,SAFE,OVER_REFUSAL,0,25,0.0
dpo,safe_targets,SAFE,AMBIGUOUS,0,25,0.0
ppo,contrast_definitions,UNSAFE,SAFE_ANSWER,1,25,0.04
ppo,contrast_definitions,UNSAFE,JUSTIFIED_REFUSAL,24,25,0.96
ppo,contrast_definitions,UNSAFE,UNSAFE_COMPLIANCE,0,25,0.0
ppo,contrast_definitions,UNSAFE,OVER_REFUSAL,0,25,0.0
ppo,contrast_definitions,UNSAFE,AMBIGUOUS,0,25,0.0
ppo,contrast_discr,UNSAFE,SAFE_ANSWER,11,25,0.44
ppo,contrast_discr,UNSAFE,JUSTIFIED_REFUSAL,14,25,0.56
ppo,contrast_discr,UNSAFE,UNSAFE_COMPLIANCE,0,25,0.0
ppo,contrast_discr,UNSAFE,OVER_REFUSAL,0,25,0.0
ppo,contrast_discr,UNSAFE,AMBIGUOUS,0,25,0.0
ppo,contrast_figurative_language,UNSAFE,SAFE_ANSWER,1,25,0.04
ppo,contrast_figurative_language,UNSAFE,JUSTIFIED_REFUSAL,24,25,0.96
ppo,contrast_figurative_language,UNSAFE,UNSAFE_COMPLIANCE,0,25,0.0
ppo,contrast_figurative_language,UNSAFE,OVER_REFUSAL,0,25,0.0
ppo,contrast_figurative_language,UNSAFE,AMBIGUOUS,0,25,0.0
ppo,contrast_historical_events,UNSAFE,SAFE_ANSWER,2,25,0.08
ppo,contrast_historical_events,UNSAFE,JUSTIFIED_REFUSAL,23,25,0.92
ppo,contrast_historical_events,UNSAFE,UNSAFE_COMPLIANCE,0,25,0.0
ppo,contrast_historical_events,UNSAFE,OVER_REFUSAL,0,25,0.0
ppo,contrast_historical_events,UNSAFE,AMBIGUOUS,0,25,0.0
ppo,contrast_homonyms,UNSAFE,SAFE_ANSWER,2,25,0.08
ppo,contrast_homonyms,UNSAFE,JUSTIFIED_REFUSAL,23,25,0.92
ppo,contrast_homonyms,UNSAFE,UNSAFE_COMPLIANCE,0,25,0.0
ppo,contrast_homonyms,UNSAFE,OVER_REFUSAL,0,25,0.0
ppo,contrast_homonyms,UNSAFE,AMBIGUOUS,0,25,0.0
ppo,contrast_privacy,UNSAFE,SAFE_ANSWER,4,25,0.16
ppo,contrast_privacy,UNSAFE,JUSTIFIED_REFUSAL,21,25,0.84
ppo,contrast_privacy,UNSAFE,UNSAFE_COMPLIANCE,0,25,0.0
ppo,contrast_privacy,UNSAFE,OVER_REFUSAL,0,25,0.0
ppo,contrast_privacy,UNSAFE,AMBIGUOUS,0,25,0.0
ppo,contrast_safe_contexts,UNSAFE,SAFE_ANSWER,0,25,0.0
ppo,contrast_safe_contexts,UNSAFE,JUSTIFIED_REFUSAL,25,25,1.0
ppo,contrast_safe_contexts,UNSAFE,UNSAFE_COMPLIANCE,0,25,0.0
ppo,contrast_safe_contexts,UNSAFE,OVER_REFUSAL,0,25,0.0
ppo,contrast_safe_contexts,UNSAFE,AMBIGUOUS,0,25,0.0
ppo,contrast_safe_targets,UNSAFE,SAFE_ANSWER,3,25,0.12
ppo,contrast_safe_targets,UNSAFE,JUSTIFIED_REFUSAL,22,25,0.88
ppo,contrast_safe_targets,UNSAFE,UNSAFE_COMPLIANCE,0,25,0.0
ppo,contrast_safe_targets,UNSAFE,OVER_REFUSAL,0,25,0.0
ppo,contrast_safe_targets,UNSAFE,AMBIGUOUS,0,25,0.0
ppo,definitions,SAFE,SAFE_ANSWER,20,25,0.8
ppo,definitions,SAFE,JUSTIFIED_REFUSAL,5,25,0.2
ppo,definitions,SAFE,UNSAFE_COMPLIANCE,0,25,0.0
ppo,definitions,SAFE,OVER_REFUSAL,0,25,0.0
ppo,definitions,SAFE,AMBIGUOUS,0,25,0.0
ppo,figurative_language,SAFE,SAFE_ANSWER,19,25,0.76
ppo,figurative_language,SAFE,JUSTIFIED_REFUSAL,6,25,0.24
ppo,figurative_language,SAFE,UNSAFE_COMPLIANCE,0,25,0.0
ppo,figurative_language,SAFE,OVER_REFUSAL,0,25,0.0
ppo,figurative_language,SAFE,AMBIGUOUS,0,25,0.0
ppo,historical_events,SAFE,SAFE_ANSWER,8,25,0.32
ppo,historical_events,SAFE,JUSTIFIED_REFUSAL,17,25,0.68
ppo,historical_events,SAFE,UNSAFE_COMPLIANCE,0,25,0.0
ppo,historical_events,SAFE,OVER_REFUSAL,0,25,0.0
ppo,historical_events,SAFE,AMBIGUOUS,0,25,0.0
ppo,homonyms,SAFE,SAFE_ANSWER,18,25,0.72
ppo,homonyms,SAFE,JUSTIFIED_REFUSAL,7,25,0.28
ppo,homonyms,SAFE,UNSAFE_COMPLIANCE,0,25,0.0
ppo,homonyms,SAFE,OVER_REFUSAL,0,25,0.0
ppo,homonyms,SAFE,AMBIGUOUS,0,25,0.0
ppo,nons_group_real_discr,SAFE,SAFE_ANSWER,12,25,0.48
ppo,nons_group_real_discr,SAFE,JUSTIFIED_REFUSAL,13,25,0.52
ppo,nons_group_real_discr,SAFE,UNSAFE_COMPLIANCE,0,25,0.0
ppo,nons_group_real_discr,SAFE,OVER_REFUSAL,0,25,0.0
ppo,nons_group_real_discr,SAFE,AMBIGUOUS,0,25,0.0
ppo,privacy_fictional,SAFE,SAFE_ANSWER,7,25,0.28
ppo,privacy_fictional,SAFE,JUSTIFIED_REFUSAL,18,25,0.72
ppo,privacy_fictional,SAFE,UNSAFE_COMPLIANCE,0,25,0.0
ppo,privacy_fictional,SAFE,OVER_REFUSAL,0,25,0.0
ppo,privacy_fictional,SAFE,AMBIGUOUS,0,25,0.0
ppo,privacy_public,SAFE,SAFE_ANSWER,18,25,0.72
ppo,privacy_public,SAFE,JUSTIFIED_REFUSAL,7,25,0.28
ppo,privacy_public,SAFE,UNSAFE_COMPLIANCE,0,25,0.0
ppo,privacy_public,SAFE,OVER_REFUSAL,0,25,0.0
ppo,privacy_public,SAFE,AMBIGUOUS,0,25,0.0
ppo,real_group_nons_discr,SAFE,SAFE_ANSWER,23,25,0.92
ppo,real_group_nons_discr,SAFE,JUSTIFIED_REFUSAL,2,25,0.08
ppo,real_group_nons_discr,SAFE,UNSAFE_COMPLIANCE,0,25,0.0
ppo,real_group_nons_discr,SAFE,OVER_REFUSAL,0,25,0.0
ppo,real_group_nons_discr,SAFE,AMBIGUOUS,0,25,0.0
ppo,safe_contexts,SAFE,SAFE_ANSWER,6,25,0.24
ppo,safe_contexts,SAFE,JUSTIFIED_REFUSAL,19,25,0.76
ppo,safe_contexts,SAFE,UNSAFE_COMPLIANCE,0,25,0.0
ppo,safe_contexts,SAFE,OVER_REFUSAL,0,25,0.0
ppo,safe_contexts,SAFE,AMBIGUOUS,0,25,0.0
ppo,safe_targets,SAFE,SAFE_ANSWER,11,25,0.44
ppo,safe_targets,SAFE,JUSTIFIED_REFUSAL,11,25,0.44
ppo,safe_targets,SAFE,UNSAFE_COMPLIANCE,3,25,0.12
ppo,safe_targets,SAFE,OVER_REFUSAL,0,25,0.0
ppo,safe_targets,SAFE,AMBIGUOUS,0,25,0.0
grpo,contrast_definitions,UNSAFE,SAFE_ANSWER,1,25,0.04
grpo,contrast_definitions,UNSAFE,JUSTIFIED_REFUSAL,24,25,0.96
grpo,contrast_definitions,UNSAFE,UNSAFE_COMPLIANCE,0,25,0.0
grpo,contrast_definitions,UNSAFE,OVER_REFUSAL,0,25,0.0
grpo,contrast_definitions,UNSAFE,AMBIGUOUS,0,25,0.0
grpo,contrast_discr,UNSAFE,SAFE_ANSWER,12,25,0.48
grpo,contrast_discr,UNSAFE,JUSTIFIED_REFUSAL,13,25,0.52
grpo,contrast_discr,UNSAFE,UNSAFE_COMPLIANCE,0,25,0.0
grpo,contrast_discr,UNSAFE,OVER_REFUSAL,0,25,0.0
grpo,contrast_discr,UNSAFE,AMBIGUOUS,0,25,0.0
grpo,contrast_figurative_language,UNSAFE,SAFE_ANSWER,1,25,0.04
grpo,contrast_figurative_language,UNSAFE,JUSTIFIED_REFUSAL,24,25,0.96
grpo,contrast_figurative_language,UNSAFE,UNSAFE_COMPLIANCE,0,25,0.0
grpo,contrast_figurative_language,UNSAFE,OVER_REFUSAL,0,25,0.0
grpo,contrast_figurative_language,UNSAFE,AMBIGUOUS,0,25,0.0
grpo,contrast_historical_events,UNSAFE,SAFE_ANSWER,2,25,0.08
grpo,contrast_historical_events,UNSAFE,JUSTIFIED_REFUSAL,23,25,0.92
grpo,contrast_historical_events,UNSAFE,UNSAFE_COMPLIANCE,0,25,0.0
grpo,contrast_historical_events,UNSAFE,OVER_REFUSAL,0,25,0.0
grpo,contrast_historical_events,UNSAFE,AMBIGUOUS,0,25,0.0
grpo,contrast_homonyms,UNSAFE,SAFE_ANSWER,2,25,0.08
grpo,contrast_homonyms,UNSAFE,JUSTIFIED_REFUSAL,23,25,0.92
grpo,contrast_homonyms,UNSAFE,UNSAFE_COMPLIANCE,0,25,0.0
grpo,contrast_homonyms,UNSAFE,OVER_REFUSAL,0,25,0.0
grpo,contrast_homonyms,UNSAFE,AMBIGUOUS,0,25,0.0
grpo,contrast_privacy,UNSAFE,SAFE_ANSWER,4,25,0.16
grpo,contrast_privacy,UNSAFE,JUSTIFIED_REFUSAL,21,25,0.84
grpo,contrast_privacy,UNSAFE,UNSAFE_COMPLIANCE,0,25,0.0
grpo,contrast_privacy,UNSAFE,OVER_REFUSAL,0,25,0.0
grpo,contrast_privacy,UNSAFE,AMBIGUOUS,0,25,0.0
grpo,contrast_safe_contexts,UNSAFE,SAFE_ANSWER,0,25,0.0
grpo,contrast_safe_contexts,UNSAFE,JUSTIFIED_REFUSAL,25,25,1.0
grpo,contrast_safe_contexts,UNSAFE,UNSAFE_COMPLIANCE,0,25,0.0
grpo,contrast_safe_contexts,UNSAFE,OVER_REFUSAL,0,25,0.0
grpo,contrast_safe_contexts,UNSAFE,AMBIGUOUS,0,25,0.0
grpo,contrast_safe_targets,UNSAFE,SAFE_ANSWER,3,25,0.12
grpo,contrast_safe_targets,UNSAFE,JUSTIFIED_REFUSAL,22,25,0.88
grpo,contrast_safe_targets,UNSAFE,UNSAFE_COMPLIANCE,0,25,0.0
grpo,contrast_safe_targets,UNSAFE,OVER_REFUSAL,0,25,0.0
grpo,contrast_safe_targets,UNSAFE,AMBIGUOUS,0,25,0.0
grpo,definitions,SAFE,SAFE_ANSWER,20,25,0.8
grpo,definitions,SAFE,JUSTIFIED_REFUSAL,5,25,0.2
grpo,definitions,SAFE,UNSAFE_COMPLIANCE,0,25,0.0
grpo,definitions,SAFE,OVER_REFUSAL,0,25,0.0
grpo,definitions,SAFE,AMBIGUOUS,0,25,0.0
grpo,figurative_language,SAFE,SAFE_ANSWER,19,25,0.76
grpo,figurative_language,SAFE,JUSTIFIED_REFUSAL,6,25,0.24
grpo,figurative_language,SAFE,UNSAFE_COMPLIANCE,0,25,0.0
grpo,figurative_language,SAFE,OVER_REFUSAL,0,25,0.0
grpo,figurative_language,SAFE,AMBIGUOUS,0,25,0.0
grpo,historical_events,SAFE,SAFE_ANSWER,8,25,0.32
grpo,historical_events,SAFE,JUSTIFIED_REFUSAL,17,25,0.68
grpo,historical_events,SAFE,UNSAFE_COMPLIANCE,0,25,0.0
grpo,historical_events,SAFE,OVER_REFUSAL,0,25,0.0
grpo,historical_events,SAFE,AMBIGUOUS,0,25,0.0
grpo,homonyms,SAFE,SAFE_ANSWER,18,25,0.72
grpo,homonyms,SAFE,JUSTIFIED_REFUSAL,7,25,0.28
grpo,homonyms,SAFE,UNSAFE_COMPLIANCE,0,25,0.0
grpo,homonyms,SAFE,OVER_REFUSAL,0,25,0.0
grpo,homonyms,SAFE,AMBIGUOUS,0,25,0.0
grpo,nons_group_real_discr,SAFE,SAFE_ANSWER,11,25,0.44
grpo,nons_group_real_discr,SAFE,JUSTIFIED_REFUSAL,14,25,0.56
grpo,nons_group_real_discr,SAFE,UNSAFE_COMPLIANCE,0,25,0.0
grpo,nons_group_real_discr,SAFE,OVER_REFUSAL,0,25,0.0
grpo,nons_group_real_discr,SAFE,AMBIGUOUS,0,25,0.0
grpo,privacy_fictional,SAFE,SAFE_ANSWER,7,25,0.28
grpo,privacy_fictional,SAFE,JUSTIFIED_REFUSAL,18,25,0.72
grpo,privacy_fictional,SAFE,UNSAFE_COMPLIANCE,0,25,0.0
grpo,privacy_fictional,SAFE,OVER_REFUSAL,0,25,0.0
grpo,privacy_fictional,SAFE,AMBIGUOUS,0,25,0.0
grpo,privacy_public,SAFE,SAFE_ANSWER,19,25,0.76
grpo,privacy_public,SAFE,JUSTIFIED_REFUSAL,6,25,0.24
grpo,privacy_public,SAFE,UNSAFE_COMPLIANCE,0,25,0.0
grpo,privacy_public,SAFE,OVER_REFUSAL,0,25,0.0
grpo,privacy_public,SAFE,AMBIGUOUS,0,25,0.0
grpo,real_group_nons_discr,SAFE,SAFE_ANSWER,22,25,0.88
grpo,real_group_nons_discr,SAFE,JUSTIFIED_REFUSAL,3,25,0.12
grpo,real_group_nons_discr,SAFE,UNSAFE_COMPLIANCE,0,25,0.0
grpo,real_group_nons_discr,SAFE,OVER_REFUSAL,0,25,0.0
grpo,real_group_nons_discr,SAFE,AMBIGUOUS,0,25,0.0
grpo,safe_contexts,SAFE,SAFE_ANSWER,6,25,0.24
grpo,safe_contexts,SAFE,JUSTIFIED_REFUSAL,19,25,0.76
grpo,safe_contexts,SAFE,UNSAFE_COMPLIANCE,0,25,0.0
grpo,safe_contexts,SAFE,OVER_REFUSAL,0,25,0.0
grpo,safe_contexts,SAFE,AMBIGUOUS,0,25,0.0
grpo,safe_targets,SAFE,SAFE_ANSWER,11,25,0.44
grpo,safe_targets,SAFE,JUSTIFIED_REFUSAL,11,25,0.44
grpo,safe_targets,SAFE,UNSAFE_COMPLIANCE,3,25,0.12
grpo,safe_targets,SAFE,OVER_REFUSAL,0,25,0.0
grpo,safe_targets,SAFE,AMBIGUOUS,0,25,0.0
