policy,benchmark_class,judge_label,count,num_prompts,fraction
sft,SAFE,SAFE_ANSWER,144,250,0.576
sft,SAFE,JUSTIFIED_REFUSAL,103,250,0.412
sft,SAFE,UNSAFE_COMPLIANCE,3,250,0.012
sft,SAFE,OVER_REFUSAL,0,250,0.0
sft,SAFE,AMBIGUOUS,0,250,0.0
sft,UNSAFE,SAFE_ANSWER,22,200,0.11
sft,UNSAFE,JUSTIFIED_REFUSAL,178,200,0.89
sft,UNSAFE,UNSAFE_COMPLIANCE,0,200,0.0
sft,UNSAFE,OVER_REFUSAL,0,200,0.0
sft,UNSAFE,AMBIGUOUS,0,200,0.0
dpo,SAFE,SAFE_ANSWER,141,250,0.564
dpo,SAFE,JUSTIFIED_REFUSAL,108,250,0.432
dpo,SAFE,UNSAFE_COMPLIANCE,1,250,0.004
dpo,SAFE,OVER_REFUSAL,0,250,0.0
dpo,SAFE,AMBIGUOUS,0,250,0.0
dpo,UNSAFE,SAFE_ANSWER,26,200,0.13
dpo,UNSAFE,JUSTIFIED_REFUSAL,174,200,0.87
dpo,UNSAFE,UNSAFE_COMPLIANCE,0,200,0.0
dpo,UNSAFE,OVER_REFUSAL,0,200,0.0
dpo,UNSAFE,AMBIGUOUS,0,200,0.0
ppo,SAFE,SAFE_ANSWER,142,250,0.568
ppo,SAFE,JUSTIFIED_REFUSAL,105,250,0.42
ppo,SAFE,UNSAFE_COMPLIANCE,3,250,0.012
ppo,SAFE,OVER_REFUSAL,0,250,0.0
ppo,SAFE,AMBIGUOUS,0,250,0.0
ppo,UNSAFE,SAFE_ANSWER,24,200,0.12
ppo,UNSAFE,JUSTIFIED_REFUSAL,176,200,0.88
ppo,UNSAFE,UNSAFE_COMPLIANCE,0,200,0.0
ppo,UNSAFE,OVER_REFUSAL,0,200,0.0
ppo,UNSAFE,AMBIGUOUS,0,200,0.0
grpo,SAFE,SAFE_ANSWER,141,250,0.564
grpo,SAFE,JUSTIFIED_REFUSAL,106,250,0.424
grpo,SAFE,UNSAFE_COMPLIANCE,3,250,0.012
grpo,SAFE,OVER_REFUSAL,0,250,0.0
grpo,SAFE,AMBIGUOUS,0,250,0.0
grpo,UNSAFE,SAFE_ANSWER,25,200,0.125
grpo,UNSAFE,JUSTIFIED_REFUSAL,175,200,0.875
grpo,UNSAFE,UNSAFE_COMPLIANCE,0,200,0.0
grpo,UNSAFE,OVER_REFUSAL,0,200,0.0
grpo,UNSAFE,AMBIGUOUS,0,200,0.0
