policy,manual_label,ai_label,count
sft,SAFE_ANSWER,SAFE_ANSWER,10
sft,SAFE_ANSWER,JUSTIFIED_REFUSAL,2
sft,SAFE_ANSWER,UNSAFE_COMPLIANCE,0
sft,SAFE_ANSWER,OVER_REFUSAL,0
sft,SAFE_ANSWER,AMBIGUOUS,0
sft,JUSTIFIED_REFUSAL,SAFE_ANSWER,1
sft,JUSTIFIED_REFUSAL,JUSTIFIED_REFUSAL,32
sft,JUSTIFIED_REFUSAL,UNSAFE_COMPLIANCE,0
sft,JUSTIFIED_REFUSAL,OVER_REFUSAL,0
sft,JUSTIFIED_REFUSAL,AMBIGUOUS,0
sft,UNSAFE_COMPLIANCE,SAFE_ANSWER,0
sft,UNSAFE_COMPLIANCE,JUSTIFIED_REFUSAL,0
sft,UNSAFE_COMPLIANCE,UNSAFE_COMPLIANCE,0
sft,UNSAFE_COMPLIANCE,OVER_REFUSAL,0
sft,UNSAFE_COMPLIANCE,AMBIGUOUS,0
sft,OVER_REFUSAL,SAFE_ANSWER,0
sft,OVER_REFUSAL,JUSTIFIED_REFUSAL,4
sft,OVER_REFUSAL,UNSAFE_COMPLIANCE,0
sft,OVER_REFUSAL,OVER_REFUSAL,0
sft,OVER_REFUSAL,AMBIGUOUS,0
sft,AMBIGUOUS,SAFE_ANSWER,7
sft,AMBIGUOUS,JUSTIFIED_REFUSAL,4
sft,AMBIGUOUS,UNSAFE_COMPLIANCE,0
sft,AMBIGUOUS,OVER_REFUSAL,0
sft,AMBIGUOUS,AMBIGUOUS,0
dpo,SAFE_ANSWER,SAFE_ANSWER,11
dpo,SAFE_ANSWER,JUSTIFIED_REFUSAL,1
dpo,SAFE_ANSWER,UNSAFE_COMPLIANCE,0
dpo,SAFE_ANSWER,OVER_REFUSAL,0
dpo,SAFE_ANSWER,AMBIGUOUS,0
dpo,JUSTIFIED_REFUSAL,SAFE_ANSWER,1
dpo,JUSTIFIED_REFUSAL,JUSTIFIED_REFUSAL,32
dpo,JUSTIFIED_REFUSAL,UNSAFE_COMPLIANCE,0
dpo,JUSTIFIED_REFUSAL,OVER_REFUSAL,0
dpo,JUSTIFIED_REFUSAL,AMBIGUOUS,0
dpo,UNSAFE_COMPLIANCE,SAFE_ANSWER,0
dpo,UNSAFE_COMPLIANCE,JUSTIFIED_REFUSAL,0
dpo,UNSAFE_COMPLIANCE,UNSAFE_COMPLIANCE,0
dpo,UNSAFE_COMPLIANCE,OVER_REFUSAL,0
dpo,UNSAFE_COMPLIANCE,AMBIGUOUS,0
dpo,OVER_REFUSAL,SAFE_ANSWER,1
dpo,OVER_REFUSAL,JUSTIFIED_REFUSAL,4
dpo,OVER_REFUSAL,UNSAFE_COMPLIANCE,0
dpo,OVER_REFUSAL,OVER_REFUSAL,0
dpo,OVER_REFUSAL,AMBIGUOUS,0
dpo,AMBIGUOUS,SAFE_ANSWER,5
dpo,AMBIGUOUS,JUSTIFIED_REFUSAL,5
dpo,AMBIGUOUS,UNSAFE_COMPLIANCE,0
dpo,AMBIGUOUS,OVER_REFUSAL,0
dpo,AMBIGUOUS,AMBIGUOUS,0
ppo,SAFE_ANSWER,SAFE_ANSWER,10
ppo,SAFE_ANSWER,JUSTIFIED_REFUSAL,2
ppo,SAFE_ANSWER,UNSAFE_COMPLIANCE,0
ppo,SAFE_ANSWER,OVER_REFUSAL,0
ppo,SAFE_ANSWER,AMBIGUOUS,0
ppo,JUSTIFIED_REFUSAL,SAFE_ANSWER,1
ppo,JUSTIFIED_REFUSAL,JUSTIFIED_REFUSAL,31
ppo,JUSTIFIED_REFUSAL,UNSAFE_COMPLIANCE,0
ppo,JUSTIFIED_REFUSAL,OVER_REFUSAL,0
ppo,JUSTIFIED_REFUSAL,AMBIGUOUS,0
ppo,UNSAFE_COMPLIANCE,SAFE_ANSWER,0
ppo,UNSAFE_COMPLIANCE,JUSTIFIED_REFUSAL,0
ppo,UNSAFE_COMPLIANCE,UNSAFE_COMPLIANCE,0
ppo,UNSAFE_COMPLIANCE,OVER_REFUSAL,0
ppo,UNSAFE_COMPLIANCE,AMBIGUOUS,0
ppo,OVER_REFUSAL,SAFE_ANSWER,0
ppo,OVER_REFUSAL,JUSTIFIED_REFUSAL,4
ppo,OVER_REFUSAL,UNSAFE_COMPLIANCE,0
ppo,OVER_REFUSAL,OVER_REFUSAL,0
ppo,OVER_REFUSAL,AMBIGUOUS,0
ppo,AMBIGUOUS,SAFE_ANSWER,7
ppo,AMBIGUOUS,JUSTIFIED_REFUSAL,5
ppo,AMBIGUOUS,UNSAFE_COMPLIANCE,0
ppo,AMBIGUOUS,OVER_REFUSAL,0
ppo,AMBIGUOUS,AMBIGUOUS,0
grpo,SAFE_ANSWER,SAFE_ANSWER,10
grpo,SAFE_ANSWER,JUSTIFIED_REFUSAL,2
grpo,SAFE_ANSWER,UNSAFE_COMPLIANCE,0
grpo,SAFE_ANSWER,OVER_REFUSAL,0
grpo,SAFE_ANSWER,AMBIGUOUS,0
grpo,JUSTIFIED_REFUSAL,SAFE_ANSWER,1
grpo,JUSTIFIED_REFUSAL,JUSTIFIED_REFUSAL,31
grpo,JUSTIFIED_REFUSAL,UNSAFE_COMPLIANCE,0
grpo,JUSTIFIED_REFUSAL,OVER_REFUSAL,0
grpo,JUSTIFIED_REFUSAL,AMBIGUOUS,0
grpo,UNSAFE_COMPLIANCE,SAFE_ANSWER,0
grpo,UNSAFE_COMPLIANCE,JUSTIFIED_REFUSAL,0
grpo,UNSAFE_COMPLIANCE,UNSAFE_COMPLIANCE,0
grpo,UNSAFE_COMPLIANCE,OVER_REFUSAL,0
grpo,UNSAFE_COMPLIANCE,AMBIGUOUS,0
grpo,OVER_REFUSAL,SAFE_ANSWER,0
grpo,OVER_REFUSAL,JUSTIFIED_REFUSAL,6
grpo,OVER_REFUSAL,UNSAFE_COMPLIANCE,0
grpo,OVER_REFUSAL,OVER_REFUSAL,0
grpo,OVER_REFUSAL,AMBIGUOUS,0
grpo,AMBIGUOUS,SAFE_ANSWER,6
grpo,AMBIGUOUS,JUSTIFIED_REFUSAL,4
grpo,AMBIGUOUS,UNSAFE_COMPLIANCE,0
grpo,AMBIGUOUS,OVER_REFUSAL,0
grpo,AMBIGUOUS,AMBIGUOUS,0
all,SAFE_ANSWER,SAFE_ANSWER,41
all,SAFE_ANSWER,JUSTIFIED_REFUSAL,7
all,SAFE_ANSWER,UNSAFE_COMPLIANCE,0
all,SAFE_ANSWER,OVER_REFUSAL,0
all,SAFE_ANSWER,AMBIGUOUS,0
all,JUSTIFIED_REFUSAL,SAFE_ANSWER,4
all,JUSTIFIED_REFUSAL,JUSTIFIED_REFUSAL,126
all,JUSTIFIED_REFUSAL,UNSAFE_COMPLIANCE,0
all,JUSTIFIED_REFUSAL,OVER_REFUSAL,0
all,JUSTIFIED_REFUSAL,AMBIGUOUS,0
all,UNSAFE_COMPLIANCE,SAFE_ANSWER,0
all,UNSAFE_COMPLIANCE,JUSTIFIED_REFUSAL,0
all,UNSAFE_COMPLIANCE,UNSAFE_COMPLIANCE,0
all,UNSAFE_COMPLIANCE,OVER_REFUSAL,0
all,UNSAFE_COMPLIANCE,AMBIGUOUS,0
all,OVER_REFUSAL,SAFE_ANSWER,1
all,OVER_REFUSAL,JUSTIFIED_REFUSAL,18
all,OVER_REFUSAL,UNSAFE_COMPLIANCE,0
all,OVER_REFUSAL,OVER_REFUSAL,0
all,OVER_REFUSAL,AMBIGUOUS,0
all,AMBIGUOUS,SAFE_ANSWER,25
all,AMBIGUOUS,JUSTIFIED_REFUSAL,18
all,AMBIGUOUS,UNSAFE_COMPLIANCE,0
all,AMBIGUOUS,OVER_REFUSAL,0
all,AMBIGUOUS,AMBIGUOUS,0
