K,difficulty_bin,num_groups,num_completions,informative_group_rate,mean_group_reward_std,group_relative_signal_variance
2,all,96,192,0.9375,0.3845672607421875,0.9374814173564774
2,lower_mean_reward,48,96,0.8958333333333334,0.5283304850260416,0.8958263622728104
2,higher_mean_reward,48,96,0.9791666666666666,0.24080403645833334,0.9791364724401443
4,all,48,192,0.9583333333333334,0.5410043647319412,0.9583276282884473
4,lower_mean_reward,24,96,0.9166666666666666,0.711506330909153,0.9166630916976177
4,higher_mean_reward,24,96,1.0,0.37050239855472933,0.999992164879277
8,all,24,192,0.9583333333333334,0.6190544134665205,0.9583290996055106
8,lower_mean_reward,12,96,0.9166666666666666,0.8002487347571025,0.9166641410131646
8,higher_mean_reward,12,96,1.0,0.4378600921759388,0.9999940581978564
